INSERT INTO client VALUES('alex.smith92', '$2b$12$LsqRtz97yxgSNw2J6EtAQuo/H3jFjiGNDkrD5fjvzGA7dI9xgkwk2', true), ('maria.jones89', '$2b$12$LsqRtz97yxgSNw2J6EtAQuo/H3jFjiGNDkrD5fjvzGA7dI9xgkwk2', true);
INSERT INTO restaurant VALUES('123 Culinary Avenue, Flavor Town, CA 90210', 'Italian', 'admin', '$2b$12$LsqRtz97yxgSNw2J6EtAQuo/H3jFjiGNDkrD5fjvzGA7dI9xgkwk2'), ('456 Gourmet Street, Taste City, NY 10001', 'American', 'admin', '$2b$12$LsqRtz97yxgSNw2J6EtAQuo/H3jFjiGNDkrD5fjvzGA7dI9xgkwk2');
INSERT INTO staff VALUES('chef.johnson', '$2b$12$LsqRtz97yxgSNw2J6EtAQuo/H3jFjiGNDkrD5fjvzGA7dI9xgkwk2', true, '123 Culinary Avenue, Flavor Town, CA 90210'), ('manager.emily', '$2b$12$LsqRtz97yxgSNw2J6EtAQuo/H3jFjiGNDkrD5fjvzGA7dI9xgkwk2', true, '123 Culinary Avenue, Flavor Town, CA 90210');
INSERT INTO staff VALUES('bartender.mike', '$2b$12$LsqRtz97yxgSNw2J6EtAQuo/H3jFjiGNDkrD5fjvzGA7dI9xgkwk2', true, '456 Gourmet Street, Taste City, NY 10001'), ('server.linda', '$2b$12$LsqRtz97yxgSNw2J6EtAQuo/H3jFjiGNDkrD5fjvzGA7dI9xgkwk2', true, '456 Gourmet Street, Taste City, NY 10001');
INSERT INTO meal VALUES('Truffle Risotto', 'Creamy Arborio rice infused with rich truffle oil, finished with Parmesan cheese and fresh herbs for an indulgent experience.', NULL, 1337, 'Appetizer', true, '123 Culinary Avenue, Flavor Town, CA 90210'), ('Lemon Herb Grilled Chicken', 'Juicy chicken marinated in a zesty lemon and herb blend, grilled to perfection and served with a side of seasonal vegetables.', NULL, 1337, 'Main Course', true, '123 Culinary Avenue, Flavor Town, CA 90210');
INSERT INTO meal VALUES('BBQ Bacon Cheeseburger', 'A succulent beef patty topped with crispy bacon, melted cheddar, and tangy BBQ sauce, served on a toasted brioche bun with a side of fries.', NULL, 1337, 'Main Course', true, '456 Gourmet Street, Taste City, NY 10001'), ('Classic Caesar Salad', 'Crisp romaine lettuce tossed with Caesar dressing, croutons, and Parmesan cheese, finished with a sprinkle of black pepper for a refreshing crunch.', NULL, 1337, 'Salad', true, '456 Gourmet Street, Taste City, NY 10001');
INSERT INTO orders VALUES(1, '2024-10-27 14:30:00', 1337, true, NULL, 'alex.smith92', 'chef.johnson', '123 Culinary Avenue, Flavor Town, CA 90210'), (2, '2024-10-27 14:30:00', 1337, false, 5, 'alex.smith92', 'bartender.mike', '456 Gourmet Street, Taste City, NY 10001');
INSERT INTO meal_order VALUES(1, 'Truffle Risotto', 1), (1, 'Lemon Herb Grilled Chicken', 1);
INSERT INTO meal_order VALUES(2, 'BBQ Bacon Cheeseburger', 1), (2, 'Classic Caesar Salad', 3);